,auc,acc,sen,spe,bac,mcc,cutoff,data
LGBMClassifier,0.9772303048215696,0.9346291094070306,0.9241019698725377,0.9383681448708715,0.9312350573717045,0.8378769111566099,0.23620977118263922,DeepPPIAAindex
RandomForestClassifier,0.9185898665597139,0.854680737984967,0.8568945538818077,0.853894433583702,0.8553944937327549,0.6635603993995444,0.19764613318071508,DeepPPIAAindex
NNClassifier,0.8825347418902205,0.8112519930149571,0.7914252607184241,0.8182940631752238,0.804859661946824,0.5654337732015842,0.27198025584220886,DeepPPIAAindex
