,auc,acc,sen,spe,bac,mcc,cutoff,data
SVMClassifier,0.8382140419005063,0.8190279214064116,0.7837150127226463,0.8432055749128919,0.8134602938177691,0.6257013386912752,-0.9275979537291368,DeepLocBERT
SVMClassifier,0.8179309519376545,0.7290589451913133,0.821882951653944,0.6655052264808362,0.7436940890673901,0.4797935224474358,-0.6792796554315246,DeepLocAlbert
SVMClassifier,0.8590268727114753,0.8345398138572906,0.8244274809160306,0.8414634146341463,0.8329454477750884,0.6607873360604088,-0.24733662973579779,DeepLocT5
SVMClassifier,0.8662836573840113,0.827300930713547,0.8396946564885496,0.818815331010453,0.8292549937495013,0.6502885666555164,-0.8798229439540602,DeepLocT5FT
