{"C": 132.91820037467207, "gamma": 0.012310622998039634}