{"C": 1.0655990834628988, "gamma": 0.012171612047134234}