{"C": 53.082297118265146, "gamma": 1.704447170571616}