{"C": 0.10484727514910898, "gamma": 0.014358390663653199}