{"C": 9.272002727652866, "gamma": 0.01072742427117651}