{"C": 335.2005103082595, "gamma": 4.360131035318802}