{"C": 0.2959190630693306, "gamma": 0.015518066277245161}