{"C": 0.06141299829443035, "gamma": 0.012710813769974155}