{"C": 3.933268601883903, "gamma": 13.621553439762248}