{"C": 28.716427961450844, "gamma": 2.8342264036800673}