{"C": 11.176741570460422, "gamma": 0.017661040659570942}