{"num_leaves": 26, "subsample": 0.6655542048615376, "colsample_bytree": 0.6248567229238973, "bagging_freq": 21, "min_child_weight": 1.4913079529574418, "min_child_samples": 20.0, "min_split_gain": 0.02025004142877932}