{"num_leaves": 11, "subsample": 0.647562980705031, "colsample_bytree": 0.7659394803457759, "bagging_freq": 6, "min_child_weight": 1.7794619898469768, "min_child_samples": 10.0, "min_split_gain": 0.0005835949608529936}