{"num_leaves": 14, "subsample": 0.7268546916430555, "colsample_bytree": 0.6621322599327881, "bagging_freq": 6, "min_child_weight": 2.363192022490615, "min_child_samples": 50.0, "min_split_gain": 1.3803039513123342e-05}