{"num_leaves": 27, "subsample": 0.6589277639147415, "colsample_bytree": 0.7154716659819226, "bagging_freq": 41, "min_child_weight": 20.542707678805435, "min_child_samples": 10.0, "min_split_gain": 0.005401063607682886}