{"num_leaves": 13, "subsample": 0.702729569696053, "colsample_bytree": 0.797596214638207, "bagging_freq": 41, "min_child_weight": 10.776739990637397, "min_child_samples": 5.0, "min_split_gain": 0.0008445292783018834}