{"subsample": 0.7061088217486489, "colsample_bytree": 0.6900638810373135, "gamma": 2.721819213293172e-06, "min_child_weight": 10.978328180253357}