{"subsample": 0.704337581195579, "colsample_bytree": 0.673530160062563, "gamma": 0.004158482096368991, "min_child_weight": 17.314807274490814}