{"subsample": 0.6787164562616947, "colsample_bytree": 0.6613212654026558, "gamma": 4.143171651516183e-08, "min_child_weight": 8.746424861156914}