{"subsample": 0.8191077898914493, "colsample_bytree": 0.6952976996430499, "gamma": 8.712695514725569e-08, "min_child_weight": 3.0583227303349294}