{"subsample": 0.7879506823971647, "colsample_bytree": 0.7650823774934222, "gamma": 3.275033229628747e-05, "min_child_weight": 21.41554537864022}