{"subsample": 0.7362430363635453, "colsample_bytree": 0.709576429630084, "gamma": 0.0035329758076561666, "min_child_weight": 6.570955565459728}