{"subsample": 0.6874363277761393, "colsample_bytree": 0.775220581351422, "gamma": 0.004374071428593866, "min_child_weight": 28.227698912053338}