{"subsample": 0.7637876622486134, "colsample_bytree": 0.6969899405639233, "gamma": 0.15759528419605345, "min_child_weight": 3.301393258886128}