{"subsample": 0.8310450506294071, "colsample_bytree": 0.6929716440148163, "gamma": 7.011654378595703e-07, "min_child_weight": 2.222120866765621}