{"subsample": 0.7620750130913241, "colsample_bytree": 0.7836598184662025, "gamma": 0.01476874661215384, "min_child_weight": 16.83223771706726}