{"input_dropout": 0.0015865600524425521, "hidden_layers": 3, "hidden_units": 128.0, "hidden_dropout": 0.006512534030358203, "batch_norm": "non", "batch_size": 112.0}