{"input_dropout": 0.004355989238329437, "hidden_layers": 4, "hidden_units": 256.0, "hidden_dropout": 0.007127328522136585, "batch_norm": "non", "batch_size": 128.0}