{"input_dropout": 0.006725922220732028, "hidden_layers": 5, "hidden_units": 1024.0, "hidden_dropout": 0.0067015092463026844, "batch_norm": "non", "batch_size": 112.0}