{"input_dropout": 0.007556801663374925, "hidden_layers": 3, "hidden_units": 384.0, "hidden_dropout": 0.0031477540586554945, "batch_norm": "non", "batch_size": 112.0}