{"input_dropout": 0.009982426199834395, "hidden_layers": 4, "hidden_units": 896.0, "hidden_dropout": 0.0021532661772691794, "batch_norm": "non", "batch_size": 32.0}